Experiment,Threshold,Accuracy,Precision,Recall,F1,ROC-AUC
LightGBM_FE_v2_threshold,0.1,0.9853333333333333,0.7377049180327869,0.8823529411764706,0.8035714285714286,0.9820024628208771
LightGBM_FE_v2_threshold,0.11,0.9853333333333333,0.7377049180327869,0.8823529411764706,0.8035714285714286,0.9820024628208771
LightGBM_FE_v2_threshold,0.12,0.9853333333333333,0.7377049180327869,0.8823529411764706,0.8035714285714286,0.9820024628208771
LightGBM_FE_v2_threshold,0.13,0.9853333333333333,0.7377049180327869,0.8823529411764706,0.8035714285714286,0.9820024628208771
LightGBM_FE_v2_threshold,0.13999999999999999,0.986,0.7586206896551724,0.8627450980392157,0.8073394495412844,0.9820024628208771
LightGBM_FE_v2_threshold,0.14999999999999997,0.9866666666666667,0.7719298245614035,0.8627450980392157,0.8148148148148148,0.9820024628208771
LightGBM_FE_v2_threshold,0.15999999999999998,0.9866666666666667,0.7719298245614035,0.8627450980392157,0.8148148148148148,0.9820024628208771
LightGBM_FE_v2_threshold,0.16999999999999998,0.9873333333333333,0.7857142857142857,0.8627450980392157,0.822429906542056,0.9820024628208771
LightGBM_FE_v2_threshold,0.17999999999999997,0.9873333333333333,0.7857142857142857,0.8627450980392157,0.822429906542056,0.9820024628208771
LightGBM_FE_v2_threshold,0.18999999999999995,0.9873333333333333,0.7857142857142857,0.8627450980392157,0.822429906542056,0.9820024628208771
LightGBM_FE_v2_threshold,0.19999999999999996,0.988,0.8,0.8627450980392157,0.8301886792452831,0.9820024628208771
LightGBM_FE_v2_threshold,0.20999999999999996,0.988,0.8,0.8627450980392157,0.8301886792452831,0.9820024628208771
LightGBM_FE_v2_threshold,0.21999999999999995,0.988,0.8,0.8627450980392157,0.8301886792452831,0.9820024628208771
LightGBM_FE_v2_threshold,0.22999999999999993,0.988,0.8,0.8627450980392157,0.8301886792452831,0.9820024628208771
LightGBM_FE_v2_threshold,0.23999999999999994,0.988,0.8,0.8627450980392157,0.8301886792452831,0.9820024628208771
LightGBM_FE_v2_threshold,0.24999999999999994,0.988,0.8,0.8627450980392157,0.8301886792452831,0.9820024628208771
LightGBM_FE_v2_threshold,0.2599999999999999,0.988,0.8,0.8627450980392157,0.8301886792452831,0.9820024628208771
LightGBM_FE_v2_threshold,0.2699999999999999,0.9886666666666667,0.8148148148148148,0.8627450980392157,0.8380952380952381,0.9820024628208771
LightGBM_FE_v2_threshold,0.2799999999999999,0.9886666666666667,0.8148148148148148,0.8627450980392157,0.8380952380952381,0.9820024628208771
LightGBM_FE_v2_threshold,0.2899999999999999,0.9886666666666667,0.8148148148148148,0.8627450980392157,0.8380952380952381,0.9820024628208771
LightGBM_FE_v2_threshold,0.29999999999999993,0.9893333333333333,0.8301886792452831,0.8627450980392157,0.8461538461538461,0.9820024628208771
LightGBM_FE_v2_threshold,0.3099999999999999,0.9893333333333333,0.8301886792452831,0.8627450980392157,0.8461538461538461,0.9820024628208771
LightGBM_FE_v2_threshold,0.3199999999999999,0.9893333333333333,0.8301886792452831,0.8627450980392157,0.8461538461538461,0.9820024628208771
LightGBM_FE_v2_threshold,0.3299999999999999,0.9893333333333333,0.8301886792452831,0.8627450980392157,0.8461538461538461,0.9820024628208771
LightGBM_FE_v2_threshold,0.33999999999999986,0.9893333333333333,0.8301886792452831,0.8627450980392157,0.8461538461538461,0.9820024628208771
LightGBM_FE_v2_threshold,0.34999999999999987,0.9893333333333333,0.8301886792452831,0.8627450980392157,0.8461538461538461,0.9820024628208771
LightGBM_FE_v2_threshold,0.3599999999999999,0.9893333333333333,0.8301886792452831,0.8627450980392157,0.8461538461538461,0.9820024628208771
LightGBM_FE_v2_threshold,0.3699999999999999,0.99,0.8461538461538461,0.8627450980392157,0.8543689320388349,0.9820024628208771
LightGBM_FE_v2_threshold,0.3799999999999999,0.99,0.8461538461538461,0.8627450980392157,0.8543689320388349,0.9820024628208771
LightGBM_FE_v2_threshold,0.38999999999999985,0.99,0.8461538461538461,0.8627450980392157,0.8543689320388349,0.9820024628208771
LightGBM_FE_v2_threshold,0.39999999999999986,0.99,0.8461538461538461,0.8627450980392157,0.8543689320388349,0.9820024628208771
LightGBM_FE_v2_threshold,0.40999999999999986,0.99,0.8461538461538461,0.8627450980392157,0.8543689320388349,0.9820024628208771
LightGBM_FE_v2_threshold,0.4199999999999998,0.99,0.8461538461538461,0.8627450980392157,0.8543689320388349,0.9820024628208771
LightGBM_FE_v2_threshold,0.4299999999999998,0.99,0.8461538461538461,0.8627450980392157,0.8543689320388349,0.9820024628208771
LightGBM_FE_v2_threshold,0.43999999999999984,0.99,0.8461538461538461,0.8627450980392157,0.8543689320388349,0.9820024628208771
LightGBM_FE_v2_threshold,0.44999999999999984,0.9906666666666667,0.8627450980392157,0.8627450980392157,0.8627450980392157,0.9820024628208771
LightGBM_FE_v2_threshold,0.45999999999999985,0.9906666666666667,0.8627450980392157,0.8627450980392157,0.8627450980392157,0.9820024628208771
LightGBM_FE_v2_threshold,0.4699999999999998,0.9906666666666667,0.8627450980392157,0.8627450980392157,0.8627450980392157,0.9820024628208771
LightGBM_FE_v2_threshold,0.4799999999999998,0.9913333333333333,0.88,0.8627450980392157,0.8712871287128713,0.9820024628208771
LightGBM_FE_v2_threshold,0.4899999999999998,0.992,0.8979591836734694,0.8627450980392157,0.88,0.9820024628208771
LightGBM_FE_v2_threshold,0.4999999999999998,0.992,0.8979591836734694,0.8627450980392157,0.88,0.9820024628208771
LightGBM_FE_v2_threshold,0.5099999999999998,0.992,0.8979591836734694,0.8627450980392157,0.88,0.9820024628208771
LightGBM_FE_v2_threshold,0.5199999999999998,0.992,0.8979591836734694,0.8627450980392157,0.88,0.9820024628208771
LightGBM_FE_v2_threshold,0.5299999999999998,0.9913333333333333,0.8958333333333334,0.8431372549019608,0.8686868686868687,0.9820024628208771
LightGBM_FE_v2_threshold,0.5399999999999998,0.9913333333333333,0.8958333333333334,0.8431372549019608,0.8686868686868687,0.9820024628208771
LightGBM_FE_v2_threshold,0.5499999999999998,0.9913333333333333,0.8958333333333334,0.8431372549019608,0.8686868686868687,0.9820024628208771
LightGBM_FE_v2_threshold,0.5599999999999998,0.9913333333333333,0.8958333333333334,0.8431372549019608,0.8686868686868687,0.9820024628208771
LightGBM_FE_v2_threshold,0.5699999999999997,0.9913333333333333,0.8958333333333334,0.8431372549019608,0.8686868686868687,0.9820024628208771
LightGBM_FE_v2_threshold,0.5799999999999997,0.9913333333333333,0.8958333333333334,0.8431372549019608,0.8686868686868687,0.9820024628208771
LightGBM_FE_v2_threshold,0.5899999999999997,0.9913333333333333,0.8958333333333334,0.8431372549019608,0.8686868686868687,0.9820024628208771
LightGBM_FE_v2_threshold,0.5999999999999998,0.9913333333333333,0.8958333333333334,0.8431372549019608,0.8686868686868687,0.9820024628208771
LightGBM_FE_v2_threshold,0.6099999999999998,0.9913333333333333,0.8958333333333334,0.8431372549019608,0.8686868686868687,0.9820024628208771
LightGBM_FE_v2_threshold,0.6199999999999998,0.9913333333333333,0.8958333333333334,0.8431372549019608,0.8686868686868687,0.9820024628208771
LightGBM_FE_v2_threshold,0.6299999999999998,0.9913333333333333,0.8958333333333334,0.8431372549019608,0.8686868686868687,0.9820024628208771
LightGBM_FE_v2_threshold,0.6399999999999997,0.9913333333333333,0.8958333333333334,0.8431372549019608,0.8686868686868687,0.9820024628208771
LightGBM_FE_v2_threshold,0.6499999999999997,0.9913333333333333,0.8958333333333334,0.8431372549019608,0.8686868686868687,0.9820024628208771
LightGBM_FE_v2_threshold,0.6599999999999997,0.9913333333333333,0.8958333333333334,0.8431372549019608,0.8686868686868687,0.9820024628208771
LightGBM_FE_v2_threshold,0.6699999999999997,0.9913333333333333,0.8958333333333334,0.8431372549019608,0.8686868686868687,0.9820024628208771
LightGBM_FE_v2_threshold,0.6799999999999997,0.9913333333333333,0.8958333333333334,0.8431372549019608,0.8686868686868687,0.9820024628208771
LightGBM_FE_v2_threshold,0.6899999999999997,0.9913333333333333,0.8958333333333334,0.8431372549019608,0.8686868686868687,0.9820024628208771
LightGBM_FE_v2_threshold,0.6999999999999997,0.992,0.9148936170212766,0.8431372549019608,0.8775510204081632,0.9820024628208771
LightGBM_FE_v2_threshold,0.7099999999999997,0.992,0.9148936170212766,0.8431372549019608,0.8775510204081632,0.9820024628208771
LightGBM_FE_v2_threshold,0.7199999999999998,0.992,0.9148936170212766,0.8431372549019608,0.8775510204081632,0.9820024628208771
LightGBM_FE_v2_threshold,0.7299999999999996,0.992,0.9148936170212766,0.8431372549019608,0.8775510204081632,0.9820024628208771
LightGBM_FE_v2_threshold,0.7399999999999997,0.992,0.9148936170212766,0.8431372549019608,0.8775510204081632,0.9820024628208771
LightGBM_FE_v2_threshold,0.7499999999999997,0.992,0.9148936170212766,0.8431372549019608,0.8775510204081632,0.9820024628208771
LightGBM_FE_v2_threshold,0.7599999999999997,0.992,0.9148936170212766,0.8431372549019608,0.8775510204081632,0.9820024628208771
LightGBM_FE_v2_threshold,0.7699999999999997,0.992,0.9148936170212766,0.8431372549019608,0.8775510204081632,0.9820024628208771
LightGBM_FE_v2_threshold,0.7799999999999997,0.992,0.9148936170212766,0.8431372549019608,0.8775510204081632,0.9820024628208771
LightGBM_FE_v2_threshold,0.7899999999999997,0.992,0.9148936170212766,0.8431372549019608,0.8775510204081632,0.9820024628208771
LightGBM_FE_v2_threshold,0.7999999999999996,0.992,0.9148936170212766,0.8431372549019608,0.8775510204081632,0.9820024628208771
LightGBM_FE_v2_threshold,0.8099999999999996,0.992,0.9148936170212766,0.8431372549019608,0.8775510204081632,0.9820024628208771
LightGBM_FE_v2_threshold,0.8199999999999996,0.9913333333333333,0.9130434782608695,0.8235294117647058,0.865979381443299,0.9820024628208771
LightGBM_FE_v2_threshold,0.8299999999999996,0.9913333333333333,0.9130434782608695,0.8235294117647058,0.865979381443299,0.9820024628208771
LightGBM_FE_v2_threshold,0.8399999999999996,0.9913333333333333,0.9130434782608695,0.8235294117647058,0.865979381443299,0.9820024628208771
LightGBM_FE_v2_threshold,0.8499999999999996,0.9913333333333333,0.9130434782608695,0.8235294117647058,0.865979381443299,0.9820024628208771
LightGBM_FE_v2_threshold,0.8599999999999997,0.9913333333333333,0.9130434782608695,0.8235294117647058,0.865979381443299,0.9820024628208771
LightGBM_FE_v2_threshold,0.8699999999999997,0.9913333333333333,0.9130434782608695,0.8235294117647058,0.865979381443299,0.9820024628208771
LightGBM_FE_v2_threshold,0.8799999999999997,0.9913333333333333,0.9130434782608695,0.8235294117647058,0.865979381443299,0.9820024628208771
LightGBM_FE_v2_threshold,0.8899999999999996,0.9913333333333333,0.9130434782608695,0.8235294117647058,0.865979381443299,0.9820024628208771
LightGBM_FE_v2_threshold,0.8999999999999996,0.9913333333333333,0.9130434782608695,0.8235294117647058,0.865979381443299,0.9820024628208771
LightGBM_FE_v2_tuned_threshold,0.1,0.982,0.6818181818181818,0.8823529411764706,0.7692307692307693,0.9881189190652107
LightGBM_FE_v2_tuned_threshold,0.11,0.982,0.6818181818181818,0.8823529411764706,0.7692307692307693,0.9881189190652107
LightGBM_FE_v2_tuned_threshold,0.12,0.982,0.6818181818181818,0.8823529411764706,0.7692307692307693,0.9881189190652107
LightGBM_FE_v2_tuned_threshold,0.13,0.9833333333333333,0.703125,0.8823529411764706,0.782608695652174,0.9881189190652107
LightGBM_FE_v2_tuned_threshold,0.13999999999999999,0.984,0.7142857142857143,0.8823529411764706,0.7894736842105263,0.9881189190652107
LightGBM_FE_v2_tuned_threshold,0.14999999999999997,0.984,0.7142857142857143,0.8823529411764706,0.7894736842105263,0.9881189190652107
LightGBM_FE_v2_tuned_threshold,0.15999999999999998,0.984,0.7142857142857143,0.8823529411764706,0.7894736842105263,0.9881189190652107
LightGBM_FE_v2_tuned_threshold,0.16999999999999998,0.984,0.7142857142857143,0.8823529411764706,0.7894736842105263,0.9881189190652107
LightGBM_FE_v2_tuned_threshold,0.17999999999999997,0.984,0.7142857142857143,0.8823529411764706,0.7894736842105263,0.9881189190652107
LightGBM_FE_v2_tuned_threshold,0.18999999999999995,0.9833333333333333,0.7096774193548387,0.8627450980392157,0.7787610619469026,0.9881189190652107
LightGBM_FE_v2_tuned_threshold,0.19999999999999996,0.9846666666666667,0.7333333333333333,0.8627450980392157,0.7927927927927928,0.9881189190652107
LightGBM_FE_v2_tuned_threshold,0.20999999999999996,0.9846666666666667,0.7333333333333333,0.8627450980392157,0.7927927927927928,0.9881189190652107
LightGBM_FE_v2_tuned_threshold,0.21999999999999995,0.9846666666666667,0.7333333333333333,0.8627450980392157,0.7927927927927928,0.9881189190652107
LightGBM_FE_v2_tuned_threshold,0.22999999999999993,0.9846666666666667,0.7333333333333333,0.8627450980392157,0.7927927927927928,0.9881189190652107
LightGBM_FE_v2_tuned_threshold,0.23999999999999994,0.9846666666666667,0.7333333333333333,0.8627450980392157,0.7927927927927928,0.9881189190652107
LightGBM_FE_v2_tuned_threshold,0.24999999999999994,0.9853333333333333,0.7457627118644068,0.8627450980392157,0.8,0.9881189190652107
LightGBM_FE_v2_tuned_threshold,0.2599999999999999,0.9853333333333333,0.7457627118644068,0.8627450980392157,0.8,0.9881189190652107
LightGBM_FE_v2_tuned_threshold,0.2699999999999999,0.9853333333333333,0.7457627118644068,0.8627450980392157,0.8,0.9881189190652107
LightGBM_FE_v2_tuned_threshold,0.2799999999999999,0.9853333333333333,0.7457627118644068,0.8627450980392157,0.8,0.9881189190652107
LightGBM_FE_v2_tuned_threshold,0.2899999999999999,0.9853333333333333,0.7457627118644068,0.8627450980392157,0.8,0.9881189190652107
LightGBM_FE_v2_tuned_threshold,0.29999999999999993,0.9853333333333333,0.7457627118644068,0.8627450980392157,0.8,0.9881189190652107
LightGBM_FE_v2_tuned_threshold,0.3099999999999999,0.9866666666666667,0.7719298245614035,0.8627450980392157,0.8148148148148148,0.9881189190652107
LightGBM_FE_v2_tuned_threshold,0.3199999999999999,0.9866666666666667,0.7719298245614035,0.8627450980392157,0.8148148148148148,0.9881189190652107
LightGBM_FE_v2_tuned_threshold,0.3299999999999999,0.9873333333333333,0.7857142857142857,0.8627450980392157,0.822429906542056,0.9881189190652107
LightGBM_FE_v2_tuned_threshold,0.33999999999999986,0.9873333333333333,0.7857142857142857,0.8627450980392157,0.822429906542056,0.9881189190652107
LightGBM_FE_v2_tuned_threshold,0.34999999999999987,0.9873333333333333,0.7857142857142857,0.8627450980392157,0.822429906542056,0.9881189190652107
LightGBM_FE_v2_tuned_threshold,0.3599999999999999,0.988,0.8,0.8627450980392157,0.8301886792452831,0.9881189190652107
LightGBM_FE_v2_tuned_threshold,0.3699999999999999,0.988,0.8,0.8627450980392157,0.8301886792452831,0.9881189190652107
LightGBM_FE_v2_tuned_threshold,0.3799999999999999,0.9886666666666667,0.8148148148148148,0.8627450980392157,0.8380952380952381,0.9881189190652107
LightGBM_FE_v2_tuned_threshold,0.38999999999999985,0.9893333333333333,0.8301886792452831,0.8627450980392157,0.8461538461538461,0.9881189190652107
LightGBM_FE_v2_tuned_threshold,0.39999999999999986,0.9893333333333333,0.8301886792452831,0.8627450980392157,0.8461538461538461,0.9881189190652107
LightGBM_FE_v2_tuned_threshold,0.40999999999999986,0.9893333333333333,0.8301886792452831,0.8627450980392157,0.8461538461538461,0.9881189190652107
LightGBM_FE_v2_tuned_threshold,0.4199999999999998,0.9893333333333333,0.8301886792452831,0.8627450980392157,0.8461538461538461,0.9881189190652107
LightGBM_FE_v2_tuned_threshold,0.4299999999999998,0.9893333333333333,0.8301886792452831,0.8627450980392157,0.8461538461538461,0.9881189190652107
LightGBM_FE_v2_tuned_threshold,0.43999999999999984,0.9893333333333333,0.8301886792452831,0.8627450980392157,0.8461538461538461,0.9881189190652107
LightGBM_FE_v2_tuned_threshold,0.44999999999999984,0.9893333333333333,0.8301886792452831,0.8627450980392157,0.8461538461538461,0.9881189190652107
LightGBM_FE_v2_tuned_threshold,0.45999999999999985,0.9893333333333333,0.8301886792452831,0.8627450980392157,0.8461538461538461,0.9881189190652107
LightGBM_FE_v2_tuned_threshold,0.4699999999999998,0.9893333333333333,0.8301886792452831,0.8627450980392157,0.8461538461538461,0.9881189190652107
LightGBM_FE_v2_tuned_threshold,0.4799999999999998,0.9893333333333333,0.8301886792452831,0.8627450980392157,0.8461538461538461,0.9881189190652107
LightGBM_FE_v2_tuned_threshold,0.4899999999999998,0.99,0.8461538461538461,0.8627450980392157,0.8543689320388349,0.9881189190652107
LightGBM_FE_v2_tuned_threshold,0.4999999999999998,0.99,0.8461538461538461,0.8627450980392157,0.8543689320388349,0.9881189190652107
LightGBM_FE_v2_tuned_threshold,0.5099999999999998,0.99,0.8461538461538461,0.8627450980392157,0.8543689320388349,0.9881189190652107
LightGBM_FE_v2_tuned_threshold,0.5199999999999998,0.99,0.8461538461538461,0.8627450980392157,0.8543689320388349,0.9881189190652107
LightGBM_FE_v2_tuned_threshold,0.5299999999999998,0.9913333333333333,0.88,0.8627450980392157,0.8712871287128713,0.9881189190652107
LightGBM_FE_v2_tuned_threshold,0.5399999999999998,0.9913333333333333,0.88,0.8627450980392157,0.8712871287128713,0.9881189190652107
LightGBM_FE_v2_tuned_threshold,0.5499999999999998,0.9913333333333333,0.88,0.8627450980392157,0.8712871287128713,0.9881189190652107
LightGBM_FE_v2_tuned_threshold,0.5599999999999998,0.9906666666666667,0.8775510204081632,0.8431372549019608,0.86,0.9881189190652107
LightGBM_FE_v2_tuned_threshold,0.5699999999999997,0.9906666666666667,0.8775510204081632,0.8431372549019608,0.86,0.9881189190652107
LightGBM_FE_v2_tuned_threshold,0.5799999999999997,0.9906666666666667,0.8775510204081632,0.8431372549019608,0.86,0.9881189190652107
LightGBM_FE_v2_tuned_threshold,0.5899999999999997,0.9906666666666667,0.8775510204081632,0.8431372549019608,0.86,0.9881189190652107
LightGBM_FE_v2_tuned_threshold,0.5999999999999998,0.9906666666666667,0.8775510204081632,0.8431372549019608,0.86,0.9881189190652107
LightGBM_FE_v2_tuned_threshold,0.6099999999999998,0.9906666666666667,0.8775510204081632,0.8431372549019608,0.86,0.9881189190652107
LightGBM_FE_v2_tuned_threshold,0.6199999999999998,0.9906666666666667,0.8775510204081632,0.8431372549019608,0.86,0.9881189190652107
LightGBM_FE_v2_tuned_threshold,0.6299999999999998,0.9913333333333333,0.8958333333333334,0.8431372549019608,0.8686868686868687,0.9881189190652107
LightGBM_FE_v2_tuned_threshold,0.6399999999999997,0.9913333333333333,0.8958333333333334,0.8431372549019608,0.8686868686868687,0.9881189190652107
LightGBM_FE_v2_tuned_threshold,0.6499999999999997,0.9913333333333333,0.8958333333333334,0.8431372549019608,0.8686868686868687,0.9881189190652107
LightGBM_FE_v2_tuned_threshold,0.6599999999999997,0.9913333333333333,0.8958333333333334,0.8431372549019608,0.8686868686868687,0.9881189190652107
LightGBM_FE_v2_tuned_threshold,0.6699999999999997,0.9913333333333333,0.8958333333333334,0.8431372549019608,0.8686868686868687,0.9881189190652107
LightGBM_FE_v2_tuned_threshold,0.6799999999999997,0.9913333333333333,0.8958333333333334,0.8431372549019608,0.8686868686868687,0.9881189190652107
LightGBM_FE_v2_tuned_threshold,0.6899999999999997,0.9913333333333333,0.8958333333333334,0.8431372549019608,0.8686868686868687,0.9881189190652107
LightGBM_FE_v2_tuned_threshold,0.6999999999999997,0.9913333333333333,0.8958333333333334,0.8431372549019608,0.8686868686868687,0.9881189190652107
LightGBM_FE_v2_tuned_threshold,0.7099999999999997,0.9913333333333333,0.8958333333333334,0.8431372549019608,0.8686868686868687,0.9881189190652107
LightGBM_FE_v2_tuned_threshold,0.7199999999999998,0.9913333333333333,0.8958333333333334,0.8431372549019608,0.8686868686868687,0.9881189190652107
LightGBM_FE_v2_tuned_threshold,0.7299999999999996,0.9913333333333333,0.8958333333333334,0.8431372549019608,0.8686868686868687,0.9881189190652107
LightGBM_FE_v2_tuned_threshold,0.7399999999999997,0.9913333333333333,0.8958333333333334,0.8431372549019608,0.8686868686868687,0.9881189190652107
LightGBM_FE_v2_tuned_threshold,0.7499999999999997,0.9913333333333333,0.8958333333333334,0.8431372549019608,0.8686868686868687,0.9881189190652107
LightGBM_FE_v2_tuned_threshold,0.7599999999999997,0.9913333333333333,0.9130434782608695,0.8235294117647058,0.865979381443299,0.9881189190652107
LightGBM_FE_v2_tuned_threshold,0.7699999999999997,0.9913333333333333,0.9130434782608695,0.8235294117647058,0.865979381443299,0.9881189190652107
LightGBM_FE_v2_tuned_threshold,0.7799999999999997,0.9913333333333333,0.9130434782608695,0.8235294117647058,0.865979381443299,0.9881189190652107
LightGBM_FE_v2_tuned_threshold,0.7899999999999997,0.9913333333333333,0.9130434782608695,0.8235294117647058,0.865979381443299,0.9881189190652107
LightGBM_FE_v2_tuned_threshold,0.7999999999999996,0.9913333333333333,0.9130434782608695,0.8235294117647058,0.865979381443299,0.9881189190652107
LightGBM_FE_v2_tuned_threshold,0.8099999999999996,0.9913333333333333,0.9130434782608695,0.8235294117647058,0.865979381443299,0.9881189190652107
LightGBM_FE_v2_tuned_threshold,0.8199999999999996,0.9913333333333333,0.9130434782608695,0.8235294117647058,0.865979381443299,0.9881189190652107
LightGBM_FE_v2_tuned_threshold,0.8299999999999996,0.9913333333333333,0.9130434782608695,0.8235294117647058,0.865979381443299,0.9881189190652107
LightGBM_FE_v2_tuned_threshold,0.8399999999999996,0.9913333333333333,0.9130434782608695,0.8235294117647058,0.865979381443299,0.9881189190652107
LightGBM_FE_v2_tuned_threshold,0.8499999999999996,0.9913333333333333,0.9130434782608695,0.8235294117647058,0.865979381443299,0.9881189190652107
LightGBM_FE_v2_tuned_threshold,0.8599999999999997,0.9913333333333333,0.9130434782608695,0.8235294117647058,0.865979381443299,0.9881189190652107
LightGBM_FE_v2_tuned_threshold,0.8699999999999997,0.9913333333333333,0.9130434782608695,0.8235294117647058,0.865979381443299,0.9881189190652107
LightGBM_FE_v2_tuned_threshold,0.8799999999999997,0.9913333333333333,0.9130434782608695,0.8235294117647058,0.865979381443299,0.9881189190652107
LightGBM_FE_v2_tuned_threshold,0.8899999999999996,0.9913333333333333,0.9130434782608695,0.8235294117647058,0.865979381443299,0.9881189190652107
LightGBM_FE_v2_tuned_threshold,0.8999999999999996,0.9906666666666667,0.9111111111111111,0.803921568627451,0.8541666666666666,0.9881189190652107
